接口名称,类型
stock_info_a_code_name,股票相关
stock_individual_info_em,股票相关
stock_individual_fund_flow,股票相关
stock_zh_a_hist,股票相关
stock_zh_a_spot,股票相关
stock_zh_a_daily,股票相关
stock_zh_index_daily,股票相关
stock_zh_index_spot,股票相关
stock_board_industry_name_em,股票相关
stock_board_concept_name_em,股票相关
stock_board_industry_hist_em,股票相关
stock_financial_abstract,股票相关
stock_financial_analysis_indicator,股票相关
stock_balance_sheet_by_report_em,股票相关
stock_profit_sheet_by_report_em,股票相关
stock_cash_flow_sheet_by_report_em,股票相关
stock_a_pe,股票相关
stock_a_pb,股票相关
stock_a_lg_indicator,股票相关
stock_individual_fund_flow_rank,股票相关
stock_market_fund_flow,股票相关
stock_gdfx_free_top_10_em,股票相关
stock_gdfx_top_10_em,股票相关
stock_margin_detail_sse,股票相关
stock_margin_sse,股票相关
